{"cameraMode":{"drawMode":0,"name":"Shaded","section":"Shading Mode"},"sceneLighting":false,"audioPlay":false,"sceneViewState":{"showFog":false,"showMaterialUpdate":false,"showSkybox":false,"showFlares":false,"showImageEffects":false,"showParticleSystems":false},"in2DMode":false,"pivot":{"x":-9.75146484375,"y":1.1050338745117188,"z":41.78819274902344},"rotation":{"x":0.0377516970038414,"y":-0.6456403136253357,"z":0.03198530152440071,"w":0.7620376348495483},"size":45.700626373291019,"orthographic":false}